{
    "dashboards": [
        {
            "__Dashboard__": {
                "css": "",
                "dashboard_title": "ECG Diagnosis Dashboard - Data Genius",
                "description": null,
                "json_metadata": "{\"show_native_filters\": true, \"color_scheme\": \"\", \"refresh_frequency\": 0, \"shared_label_colors\": {}, \"expanded_slices\": {}, \"label_colors\": {}, \"timed_refresh_immune_slices\": [], \"default_filters\": \"{}\", \"chart_configuration\": {}, \"remote_id\": 1}",
                "position_json": "{\"CHART-explore-1-1\":{\"children\":[],\"id\":\"CHART-explore-1-1\",\"meta\":{\"chartId\":1,\"height\":50,\"sliceName\":\"Diagnosis Category with Different Genders\",\"uuid\":\"38ad5c76-2c6e-4579-80c4-05e56224bbe2\",\"width\":4},\"parents\":[\"ROOT_ID\",\"GRID_ID\",\"ROW-MilM8PFnT6\"],\"type\":\"CHART\"},\"CHART-explore-3-1\":{\"children\":[],\"id\":\"CHART-explore-3-1\",\"meta\":{\"chartId\":3,\"height\":50,\"sliceName\":\"Count of each ECG Diagnosis per Age in all hospital admission\",\"uuid\":\"f3843e9c-f8bf-46f1-af93-44c6836e8d08\",\"width\":4},\"parents\":[\"ROOT_ID\",\"GRID_ID\",\"ROW-MilM8PFnT6\"],\"type\":\"CHART\"},\"CHART-explore-4-1\":{\"children\":[],\"id\":\"CHART-explore-4-1\",\"meta\":{\"chartId\":4,\"height\":50,\"sliceName\":\"Number of Diagnosis with Different Age Groups\",\"uuid\":\"7fec1eda-6d7c-4157-9751-d88c3584dad3\",\"width\":4},\"parents\":[\"ROOT_ID\",\"GRID_ID\",\"ROW-MilM8PFnT6\"],\"type\":\"CHART\"},\"CHART-explore-5-1\":{\"children\":[],\"id\":\"CHART-explore-5-1\",\"meta\":{\"chartId\":5,\"height\":50,\"sliceName\":\"Diagnosis Made Each Year\",\"uuid\":\"c74180d3-c7bb-4ac1-907e-068504b20f3a\",\"width\":4},\"parents\":[\"ROOT_ID\",\"GRID_ID\",\"ROW-3AV4ksrH85N\"],\"type\":\"CHART\"},\"CHART-explore-6-1\":{\"children\":[],\"id\":\"CHART-explore-6-1\",\"meta\":{\"chartId\":6,\"height\":50,\"sliceName\":\"Number of patients do not have diagnosis by gender\",\"uuid\":\"fbb25346-2373-4ae5-af65-338e737c423b\",\"width\":4},\"parents\":[\"ROOT_ID\",\"GRID_ID\",\"ROW-3AV4ksrH85N\"],\"type\":\"CHART\"},\"CHART-lhrnljRLlR-\":{\"children\":[],\"id\":\"CHART-lhrnljRLlR-\",\"meta\":{\"chartId\":2,\"height\":50,\"sliceName\":\"Number of each diagnosis not transferred from ED to hospital\",\"uuid\":\"c26e9797-70b3-4ce5-9858-16f231e20098\",\"width\":4},\"parents\":[\"ROOT_ID\",\"GRID_ID\",\"ROW-3AV4ksrH85N\"],\"type\":\"CHART\"},\"DASHBOARD_VERSION_KEY\":\"v2\",\"GRID_ID\":{\"children\":[\"ROW-MilM8PFnT6\",\"ROW-3AV4ksrH85N\"],\"id\":\"GRID_ID\",\"parents\":[\"ROOT_ID\"],\"type\":\"GRID\"},\"HEADER_ID\":{\"id\":\"HEADER_ID\",\"meta\":{\"text\":\"ECG Diagnosis Dashboard - Data Genius\"},\"type\":\"HEADER\"},\"ROOT_ID\":{\"children\":[\"GRID_ID\"],\"id\":\"ROOT_ID\",\"type\":\"ROOT\"},\"ROW-3AV4ksrH85N\":{\"children\":[\"CHART-explore-5-1\",\"CHART-explore-6-1\",\"CHART-lhrnljRLlR-\"],\"id\":\"ROW-3AV4ksrH85N\",\"meta\":{\"0\":\"ROOT_ID\",\"background\":\"BACKGROUND_TRANSPARENT\"},\"parents\":[\"ROOT_ID\",\"GRID_ID\"],\"type\":\"ROW\"},\"ROW-MilM8PFnT6\":{\"children\":[\"CHART-explore-3-1\",\"CHART-explore-1-1\",\"CHART-explore-4-1\"],\"id\":\"ROW-MilM8PFnT6\",\"meta\":{\"0\":\"ROOT_ID\",\"background\":\"BACKGROUND_TRANSPARENT\"},\"parents\":[\"ROOT_ID\",\"GRID_ID\"],\"type\":\"ROW\"}}",
                "slices": [
                    {
                        "__Slice__": {
                            "cache_timeout": null,
                            "datasource_name": "join_fact_hosp_adm",
                            "datasource_type": "table",
                            "id": 1,
                            "params": "{\"adhoc_filters\": [], \"bar_stacked\": true, \"bottom_margin\": \"auto\", \"color_scheme\": \"supersetColors\", \"columns\": [\"gender\"], \"datasource\": \"1__table\", \"extra_form_data\": {}, \"groupby\": [\"diagnosis_category\"], \"metrics\": [\"count\"], \"order_desc\": true, \"rich_tooltip\": true, \"row_limit\": 1000, \"show_legend\": true, \"time_range\": \"No filter\", \"viz_type\": \"dist_bar\", \"x_axis_label\": \"Diagnosis Category\", \"x_ticks_layout\": \"auto\", \"y_axis_bounds\": [null, null], \"y_axis_format\": \"SMART_NUMBER\", \"y_axis_label\": \"Total Count\", \"remote_id\": 1, \"datasource_name\": \"join_fact_hosp_adm\", \"schema\": null, \"database_name\": \"DW\"}",
                            "query_context": "{\"datasource\":{\"id\":1,\"type\":\"table\"},\"force\":false,\"queries\":[{\"time_range\":\"No filter\",\"filters\":[],\"extras\":{\"having\":\"\",\"having_druid\":[],\"where\":\"\"},\"applied_time_extras\":{},\"columns\":[\"diagnosis_category\",\"gender\"],\"metrics\":[\"count\"],\"annotation_layers\":[],\"row_limit\":1000,\"timeseries_limit\":0,\"order_desc\":true,\"url_params\":{},\"custom_params\":{},\"custom_form_data\":{}}],\"form_data\":{\"datasource\":\"1__table\",\"viz_type\":\"dist_bar\",\"time_range\":\"No filter\",\"metrics\":[\"count\"],\"adhoc_filters\":[],\"groupby\":[\"diagnosis_category\"],\"columns\":[\"gender\"],\"row_limit\":1000,\"order_desc\":true,\"color_scheme\":\"supersetColors\",\"show_legend\":true,\"rich_tooltip\":true,\"bar_stacked\":true,\"y_axis_format\":\"SMART_NUMBER\",\"y_axis_label\":\"Total Count\",\"y_axis_bounds\":[null,null],\"x_axis_label\":\"Diagnosis Category\",\"bottom_margin\":\"auto\",\"x_ticks_layout\":\"auto\",\"extra_form_data\":{},\"force\":false,\"result_format\":\"json\",\"result_type\":\"full\"},\"result_format\":\"json\",\"result_type\":\"full\"}",
                            "slice_name": "Diagnosis Category with Different Genders",
                            "viz_type": "dist_bar"
                        }
                    },
                    {
                        "__Slice__": {
                            "cache_timeout": null,
                            "datasource_name": "ed_not_trans_hosp",
                            "datasource_type": "table",
                            "id": 2,
                            "params": "{\"adhoc_filters\": [], \"all_columns\": [\"diagnosis_category\", \"count_category\"], \"color_pn\": true, \"conditional_formatting\": [], \"datasource\": \"2__table\", \"extra_form_data\": {}, \"granularity_sqla\": null, \"groupby\": [], \"metrics\": [], \"order_by_cols\": [], \"order_desc\": true, \"percent_metrics\": [], \"query_mode\": \"raw\", \"row_limit\": 1000, \"server_page_length\": 10, \"show_cell_bars\": true, \"table_timestamp_format\": \"smart_date\", \"time_grain_sqla\": \"P1D\", \"time_range\": \"No filter\", \"viz_type\": \"table\", \"remote_id\": 2, \"datasource_name\": \"ed_not_trans_hosp\", \"schema\": null, \"database_name\": \"DW\"}",
                            "query_context": "{\"datasource\":{\"id\":2,\"type\":\"table\"},\"force\":false,\"queries\":[{\"time_range\":\"No filter\",\"granularity\":null,\"filters\":[],\"extras\":{\"time_grain_sqla\":\"P1D\",\"having\":\"\",\"having_druid\":[],\"where\":\"\"},\"applied_time_extras\":{},\"columns\":[\"diagnosis_category\",\"count_category\"],\"orderby\":[],\"annotation_layers\":[],\"row_limit\":1000,\"timeseries_limit\":0,\"order_desc\":true,\"url_params\":{},\"custom_params\":{},\"custom_form_data\":{},\"post_processing\":[]}],\"form_data\":{\"datasource\":\"2__table\",\"viz_type\":\"table\",\"granularity_sqla\":null,\"time_grain_sqla\":\"P1D\",\"time_range\":\"No filter\",\"query_mode\":\"raw\",\"groupby\":[],\"metrics\":[],\"all_columns\":[\"diagnosis_category\",\"count_category\"],\"percent_metrics\":[],\"adhoc_filters\":[],\"order_by_cols\":[],\"row_limit\":1000,\"server_page_length\":10,\"include_time\":false,\"order_desc\":true,\"table_timestamp_format\":\"smart_date\",\"show_cell_bars\":true,\"color_pn\":true,\"conditional_formatting\":[],\"extra_form_data\":{},\"force\":false,\"result_format\":\"json\",\"result_type\":\"full\"},\"result_format\":\"json\",\"result_type\":\"full\"}",
                            "slice_name": "Number of each diagnosis not transferred from ED to hospital",
                            "viz_type": "table"
                        }
                    },
                    {
                        "__Slice__": {
                            "cache_timeout": null,
                            "datasource_name": "hospital_ecg_by_age",
                            "datasource_type": "table",
                            "id": 3,
                            "params": "{\"adhoc_filters\": [], \"bar_stacked\": true, \"bottom_margin\": \"auto\", \"color_scheme\": \"supersetColors\", \"columns\": [\"diagnosis_category\"], \"datasource\": \"3__table\", \"extra_form_data\": {}, \"groupby\": [\"age\"], \"metrics\": [{\"aggregate\": \"SUM\", \"column\": {\"advanced_data_type\": null, \"certification_details\": null, \"certified_by\": null, \"column_name\": \"count_category\", \"description\": null, \"expression\": null, \"filterable\": true, \"groupby\": true, \"id\": 8, \"is_certified\": false, \"is_dttm\": false, \"python_date_format\": null, \"type\": \"LONGINTEGER\", \"type_generic\": 0, \"verbose_name\": null, \"warning_markdown\": null}, \"expressionType\": \"SIMPLE\", \"hasCustomLabel\": false, \"isNew\": false, \"label\": \"SUM(count_category)\", \"optionName\": \"metric_a1lxf69a9vh_11xp7i28911k\", \"sqlExpression\": null}], \"order_bars\": true, \"order_desc\": true, \"rich_tooltip\": true, \"row_limit\": 50000, \"show_legend\": true, \"time_range\": \"No filter\", \"viz_type\": \"dist_bar\", \"x_axis_label\": \"Age\", \"x_ticks_layout\": \"auto\", \"y_axis_bounds\": [null, null], \"y_axis_format\": \"SMART_NUMBER\", \"y_axis_label\": \"Total Count\", \"remote_id\": 3, \"datasource_name\": \"hospital_ecg_by_age\", \"schema\": null, \"database_name\": \"DW\"}",
                            "query_context": "{\"datasource\":{\"id\":3,\"type\":\"table\"},\"force\":false,\"queries\":[{\"time_range\":\"No filter\",\"filters\":[],\"extras\":{\"having\":\"\",\"having_druid\":[],\"where\":\"\"},\"applied_time_extras\":{},\"columns\":[\"age\",\"diagnosis_category\"],\"metrics\":[{\"expressionType\":\"SIMPLE\",\"column\":{\"id\":8,\"column_name\":\"count_category\",\"verbose_name\":null,\"description\":null,\"expression\":null,\"filterable\":true,\"groupby\":true,\"is_dttm\":false,\"type\":\"LONGINTEGER\",\"type_generic\":0,\"advanced_data_type\":null,\"python_date_format\":null,\"is_certified\":false,\"certified_by\":null,\"certification_details\":null,\"warning_markdown\":null},\"aggregate\":\"SUM\",\"sqlExpression\":null,\"isNew\":false,\"hasCustomLabel\":false,\"label\":\"SUM(count_category)\",\"optionName\":\"metric_a1lxf69a9vh_11xp7i28911k\"}],\"annotation_layers\":[],\"row_limit\":50000,\"timeseries_limit\":0,\"order_desc\":true,\"url_params\":{},\"custom_params\":{},\"custom_form_data\":{}}],\"form_data\":{\"datasource\":\"3__table\",\"viz_type\":\"dist_bar\",\"time_range\":\"No filter\",\"metrics\":[{\"expressionType\":\"SIMPLE\",\"column\":{\"id\":8,\"column_name\":\"count_category\",\"verbose_name\":null,\"description\":null,\"expression\":null,\"filterable\":true,\"groupby\":true,\"is_dttm\":false,\"type\":\"LONGINTEGER\",\"type_generic\":0,\"advanced_data_type\":null,\"python_date_format\":null,\"is_certified\":false,\"certified_by\":null,\"certification_details\":null,\"warning_markdown\":null},\"aggregate\":\"SUM\",\"sqlExpression\":null,\"isNew\":false,\"hasCustomLabel\":false,\"label\":\"SUM(count_category)\",\"optionName\":\"metric_a1lxf69a9vh_11xp7i28911k\"}],\"adhoc_filters\":[],\"groupby\":[\"age\"],\"columns\":[\"diagnosis_category\"],\"row_limit\":50000,\"order_desc\":true,\"color_scheme\":\"supersetColors\",\"show_legend\":true,\"rich_tooltip\":true,\"bar_stacked\":true,\"order_bars\":true,\"y_axis_format\":\"SMART_NUMBER\",\"y_axis_label\":\"Total Count\",\"y_axis_bounds\":[null,null],\"x_axis_label\":\"Age\",\"bottom_margin\":\"auto\",\"x_ticks_layout\":\"auto\",\"extra_form_data\":{},\"force\":false,\"result_format\":\"json\",\"result_type\":\"full\"},\"result_format\":\"json\",\"result_type\":\"full\"}",
                            "slice_name": "Count of each ECG Diagnosis per Age in all hospital admission",
                            "viz_type": "dist_bar"
                        }
                    },
                    {
                        "__Slice__": {
                            "cache_timeout": null,
                            "datasource_name": "diag_age_group",
                            "datasource_type": "table",
                            "id": 4,
                            "params": "{\"adhoc_filters\": [], \"color_scheme\": \"d3Category20c\", \"datasource\": \"4__table\", \"extra_form_data\": {}, \"groupby\": [\"diagnosis_category\", \"age_group\"], \"metrics\": [{\"aggregate\": \"SUM\", \"column\": {\"advanced_data_type\": null, \"certification_details\": null, \"certified_by\": null, \"column_name\": \"num_all_diag\", \"description\": null, \"expression\": null, \"filterable\": true, \"groupby\": true, \"id\": 14, \"is_certified\": false, \"is_dttm\": false, \"python_date_format\": null, \"type\": \"INTEGER\", \"type_generic\": 0, \"verbose_name\": null, \"warning_markdown\": null}, \"expressionType\": \"SIMPLE\", \"hasCustomLabel\": false, \"isNew\": false, \"label\": \"SUM(num_all_diag)\", \"optionName\": \"metric_0gl441uuc9kf_ciz0mry205p\", \"sqlExpression\": null}], \"number_format\": \"SMART_NUMBER\", \"order_desc\": true, \"row_limit\": \"20\", \"time_range\": \"No filter\", \"treemap_ratio\": 1.618033988749895, \"viz_type\": \"treemap\", \"remote_id\": 4, \"datasource_name\": \"diag_age_group\", \"schema\": null, \"database_name\": \"DW\"}",
                            "query_context": "{\"datasource\":{\"id\":4,\"type\":\"table\"},\"force\":false,\"queries\":[{\"time_range\":\"No filter\",\"filters\":[],\"extras\":{\"having\":\"\",\"having_druid\":[],\"where\":\"\"},\"applied_time_extras\":{},\"columns\":[\"diagnosis_category\",\"age_group\"],\"metrics\":[{\"expressionType\":\"SIMPLE\",\"column\":{\"id\":14,\"column_name\":\"num_all_diag\",\"verbose_name\":null,\"description\":null,\"expression\":null,\"filterable\":true,\"groupby\":true,\"is_dttm\":false,\"type\":\"INTEGER\",\"type_generic\":0,\"advanced_data_type\":null,\"python_date_format\":null,\"is_certified\":false,\"certified_by\":null,\"certification_details\":null,\"warning_markdown\":null},\"aggregate\":\"SUM\",\"sqlExpression\":null,\"isNew\":false,\"hasCustomLabel\":false,\"label\":\"SUM(num_all_diag)\",\"optionName\":\"metric_0gl441uuc9kf_ciz0mry205p\"}],\"annotation_layers\":[],\"row_limit\":20,\"timeseries_limit\":0,\"order_desc\":true,\"url_params\":{},\"custom_params\":{},\"custom_form_data\":{}}],\"form_data\":{\"datasource\":\"4__table\",\"viz_type\":\"treemap\",\"time_range\":\"No filter\",\"metrics\":[{\"expressionType\":\"SIMPLE\",\"column\":{\"id\":14,\"column_name\":\"num_all_diag\",\"verbose_name\":null,\"description\":null,\"expression\":null,\"filterable\":true,\"groupby\":true,\"is_dttm\":false,\"type\":\"INTEGER\",\"type_generic\":0,\"advanced_data_type\":null,\"python_date_format\":null,\"is_certified\":false,\"certified_by\":null,\"certification_details\":null,\"warning_markdown\":null},\"aggregate\":\"SUM\",\"sqlExpression\":null,\"isNew\":false,\"hasCustomLabel\":false,\"label\":\"SUM(num_all_diag)\",\"optionName\":\"metric_0gl441uuc9kf_ciz0mry205p\"}],\"adhoc_filters\":[],\"groupby\":[\"diagnosis_category\",\"age_group\"],\"row_limit\":\"20\",\"order_desc\":true,\"color_scheme\":\"d3Category20c\",\"treemap_ratio\":1.618033988749895,\"number_format\":\"SMART_NUMBER\",\"extra_form_data\":{},\"force\":false,\"result_format\":\"json\",\"result_type\":\"full\"},\"result_format\":\"json\",\"result_type\":\"full\"}",
                            "slice_name": "Number of Diagnosis with Different Age Groups",
                            "viz_type": "treemap"
                        }
                    },
                    {
                        "__Slice__": {
                            "cache_timeout": null,
                            "datasource_name": "dev_warehouse.fact_ecg",
                            "datasource_type": "table",
                            "id": 5,
                            "params": "{\"adhoc_filters\": [], \"annotation_layers\": [], \"color_scheme\": \"supersetColors\", \"comparison_type\": \"values\", \"datasource\": \"5__table\", \"extra_form_data\": {}, \"forecastInterval\": 0.8, \"forecastPeriods\": 10, \"granularity_sqla\": \"ecg_time\", \"groupby\": [], \"legendOrientation\": \"top\", \"legendType\": \"scroll\", \"markerSize\": 6, \"metrics\": [{\"aggregate\": \"SUM\", \"column\": {\"advanced_data_type\": null, \"certification_details\": null, \"certified_by\": null, \"column_name\": \"num_all_diag\", \"description\": null, \"expression\": null, \"filterable\": true, \"groupby\": true, \"id\": 21, \"is_certified\": false, \"is_dttm\": false, \"python_date_format\": null, \"type\": \"INTEGER\", \"type_generic\": 0, \"verbose_name\": null, \"warning_markdown\": null}, \"expressionType\": \"SIMPLE\", \"hasCustomLabel\": false, \"isNew\": false, \"label\": \"SUM(num_all_diag)\", \"optionName\": \"metric_89s2ogmn4y_58nbnl991f3\", \"sqlExpression\": null}], \"only_total\": true, \"order_desc\": true, \"rich_tooltip\": true, \"row_limit\": 10000, \"show_legend\": true, \"time_grain_sqla\": \"P1Y\", \"time_range\": \"No filter\", \"tooltipTimeFormat\": \"smart_date\", \"truncate_metric\": true, \"viz_type\": \"echarts_timeseries_line\", \"x_axis_time_format\": \"smart_date\", \"x_axis_title\": \"Year\", \"x_axis_title_margin\": 50, \"y_axis_bounds\": [null, null], \"y_axis_format\": \"SMART_NUMBER\", \"y_axis_title\": \"Total Count\", \"y_axis_title_margin\": 50, \"y_axis_title_position\": \"Left\", \"remote_id\": 5, \"datasource_name\": \"fact_ecg\", \"schema\": \"dev_warehouse\", \"database_name\": \"DW\"}",
                            "query_context": "{\"datasource\":{\"id\":5,\"type\":\"table\"},\"force\":false,\"queries\":[{\"time_range\":\"No filter\",\"granularity\":\"ecg_time\",\"filters\":[],\"extras\":{\"time_grain_sqla\":\"P1Y\",\"having\":\"\",\"having_druid\":[],\"where\":\"\"},\"applied_time_extras\":{},\"columns\":[],\"metrics\":[{\"expressionType\":\"SIMPLE\",\"column\":{\"id\":21,\"column_name\":\"num_all_diag\",\"verbose_name\":null,\"description\":null,\"expression\":null,\"filterable\":true,\"groupby\":true,\"is_dttm\":false,\"type\":\"INTEGER\",\"type_generic\":0,\"advanced_data_type\":null,\"python_date_format\":null,\"is_certified\":false,\"certified_by\":null,\"certification_details\":null,\"warning_markdown\":null},\"aggregate\":\"SUM\",\"sqlExpression\":null,\"isNew\":false,\"hasCustomLabel\":false,\"label\":\"SUM(num_all_diag)\",\"optionName\":\"metric_89s2ogmn4y_58nbnl991f3\"}],\"orderby\":[[{\"expressionType\":\"SIMPLE\",\"column\":{\"id\":21,\"column_name\":\"num_all_diag\",\"verbose_name\":null,\"description\":null,\"expression\":null,\"filterable\":true,\"groupby\":true,\"is_dttm\":false,\"type\":\"INTEGER\",\"type_generic\":0,\"advanced_data_type\":null,\"python_date_format\":null,\"is_certified\":false,\"certified_by\":null,\"certification_details\":null,\"warning_markdown\":null},\"aggregate\":\"SUM\",\"sqlExpression\":null,\"isNew\":false,\"hasCustomLabel\":false,\"label\":\"SUM(num_all_diag)\",\"optionName\":\"metric_89s2ogmn4y_58nbnl991f3\"},false]],\"annotation_layers\":[],\"row_limit\":10000,\"series_columns\":[],\"timeseries_limit\":0,\"order_desc\":true,\"url_params\":{},\"custom_params\":{},\"custom_form_data\":{},\"is_timeseries\":true,\"time_offsets\":[],\"post_processing\":[{\"operation\":\"pivot\",\"options\":{\"index\":[\"__timestamp\"],\"columns\":[],\"aggregates\":{\"SUM(num_all_diag)\":{\"operator\":\"mean\"}},\"drop_missing_columns\":false,\"flatten_columns\":false,\"reset_index\":false}},{\"operation\":\"flatten\"}]}],\"form_data\":{\"datasource\":\"5__table\",\"viz_type\":\"echarts_timeseries_line\",\"granularity_sqla\":\"ecg_time\",\"time_grain_sqla\":\"P1Y\",\"time_range\":\"No filter\",\"metrics\":[{\"expressionType\":\"SIMPLE\",\"column\":{\"id\":21,\"column_name\":\"num_all_diag\",\"verbose_name\":null,\"description\":null,\"expression\":null,\"filterable\":true,\"groupby\":true,\"is_dttm\":false,\"type\":\"INTEGER\",\"type_generic\":0,\"advanced_data_type\":null,\"python_date_format\":null,\"is_certified\":false,\"certified_by\":null,\"certification_details\":null,\"warning_markdown\":null},\"aggregate\":\"SUM\",\"sqlExpression\":null,\"isNew\":false,\"hasCustomLabel\":false,\"label\":\"SUM(num_all_diag)\",\"optionName\":\"metric_89s2ogmn4y_58nbnl991f3\"}],\"groupby\":[],\"adhoc_filters\":[],\"order_desc\":true,\"row_limit\":10000,\"truncate_metric\":true,\"comparison_type\":\"values\",\"annotation_layers\":[],\"forecastPeriods\":10,\"forecastInterval\":0.8,\"x_axis_title\":\"Year\",\"x_axis_title_margin\":50,\"y_axis_title\":\"Total Count\",\"y_axis_title_margin\":50,\"y_axis_title_position\":\"Left\",\"color_scheme\":\"supersetColors\",\"only_total\":true,\"markerSize\":6,\"show_legend\":true,\"legendType\":\"scroll\",\"legendOrientation\":\"top\",\"x_axis_time_format\":\"smart_date\",\"rich_tooltip\":true,\"tooltipTimeFormat\":\"smart_date\",\"y_axis_format\":\"SMART_NUMBER\",\"y_axis_bounds\":[null,null],\"extra_form_data\":{},\"force\":false,\"result_format\":\"json\",\"result_type\":\"full\"},\"result_format\":\"json\",\"result_type\":\"full\"}",
                            "slice_name": "Diagnosis Made Each Year",
                            "viz_type": "echarts_timeseries_line"
                        }
                    },
                    {
                        "__Slice__": {
                            "cache_timeout": null,
                            "datasource_name": "no_diagnosis_gender",
                            "datasource_type": "table",
                            "id": 6,
                            "params": "{\"adhoc_filters\": [], \"color_scheme\": \"supersetColors\", \"datasource\": \"6__table\", \"date_format\": \"smart_date\", \"extra_form_data\": {}, \"groupby\": [\"gender\"], \"innerRadius\": 30, \"label_type\": \"key_value_percent\", \"labels_outside\": true, \"legendOrientation\": \"top\", \"legendType\": \"scroll\", \"metric\": {\"aggregate\": \"SUM\", \"column\": {\"advanced_data_type\": null, \"certification_details\": null, \"certified_by\": null, \"column_name\": \"count\", \"description\": null, \"expression\": null, \"filterable\": true, \"groupby\": true, \"id\": 28, \"is_certified\": false, \"is_dttm\": false, \"python_date_format\": null, \"type\": \"LONGINTEGER\", \"type_generic\": 0, \"verbose_name\": null, \"warning_markdown\": null}, \"expressionType\": \"SIMPLE\", \"hasCustomLabel\": false, \"isNew\": false, \"label\": \"SUM(count)\", \"optionName\": \"metric_174udr2bhgdj_055jk2jjmodo\", \"sqlExpression\": null}, \"number_format\": \"SMART_NUMBER\", \"outerRadius\": 70, \"row_limit\": 100, \"show_labels\": true, \"show_labels_threshold\": 5, \"show_legend\": true, \"sort_by_metric\": true, \"time_range\": \"No filter\", \"viz_type\": \"pie\", \"remote_id\": 6, \"datasource_name\": \"no_diagnosis_gender\", \"schema\": null, \"database_name\": \"DW\"}",
                            "query_context": "{\"datasource\":{\"id\":6,\"type\":\"table\"},\"force\":false,\"queries\":[{\"time_range\":\"No filter\",\"filters\":[],\"extras\":{\"having\":\"\",\"having_druid\":[],\"where\":\"\"},\"applied_time_extras\":{},\"columns\":[\"gender\"],\"metrics\":[{\"expressionType\":\"SIMPLE\",\"column\":{\"id\":28,\"column_name\":\"count\",\"verbose_name\":null,\"description\":null,\"expression\":null,\"filterable\":true,\"groupby\":true,\"is_dttm\":false,\"type\":\"LONGINTEGER\",\"type_generic\":0,\"advanced_data_type\":null,\"python_date_format\":null,\"is_certified\":false,\"certified_by\":null,\"certification_details\":null,\"warning_markdown\":null},\"aggregate\":\"SUM\",\"sqlExpression\":null,\"isNew\":false,\"hasCustomLabel\":false,\"label\":\"SUM(count)\",\"optionName\":\"metric_174udr2bhgdj_055jk2jjmodo\"}],\"orderby\":[[{\"expressionType\":\"SIMPLE\",\"column\":{\"id\":28,\"column_name\":\"count\",\"verbose_name\":null,\"description\":null,\"expression\":null,\"filterable\":true,\"groupby\":true,\"is_dttm\":false,\"type\":\"LONGINTEGER\",\"type_generic\":0,\"advanced_data_type\":null,\"python_date_format\":null,\"is_certified\":false,\"certified_by\":null,\"certification_details\":null,\"warning_markdown\":null},\"aggregate\":\"SUM\",\"sqlExpression\":null,\"isNew\":false,\"hasCustomLabel\":false,\"label\":\"SUM(count)\",\"optionName\":\"metric_174udr2bhgdj_055jk2jjmodo\"},false]],\"annotation_layers\":[],\"row_limit\":100,\"timeseries_limit\":0,\"order_desc\":true,\"url_params\":{},\"custom_params\":{},\"custom_form_data\":{}}],\"form_data\":{\"datasource\":\"6__table\",\"viz_type\":\"pie\",\"time_range\":\"No filter\",\"groupby\":[\"gender\"],\"metric\":{\"expressionType\":\"SIMPLE\",\"column\":{\"id\":28,\"column_name\":\"count\",\"verbose_name\":null,\"description\":null,\"expression\":null,\"filterable\":true,\"groupby\":true,\"is_dttm\":false,\"type\":\"LONGINTEGER\",\"type_generic\":0,\"advanced_data_type\":null,\"python_date_format\":null,\"is_certified\":false,\"certified_by\":null,\"certification_details\":null,\"warning_markdown\":null},\"aggregate\":\"SUM\",\"sqlExpression\":null,\"isNew\":false,\"hasCustomLabel\":false,\"label\":\"SUM(count)\",\"optionName\":\"metric_174udr2bhgdj_055jk2jjmodo\"},\"adhoc_filters\":[],\"row_limit\":100,\"sort_by_metric\":true,\"color_scheme\":\"supersetColors\",\"show_labels_threshold\":5,\"show_legend\":true,\"legendType\":\"scroll\",\"legendOrientation\":\"top\",\"label_type\":\"key_value_percent\",\"number_format\":\"SMART_NUMBER\",\"date_format\":\"smart_date\",\"show_labels\":true,\"labels_outside\":true,\"outerRadius\":70,\"innerRadius\":30,\"extra_form_data\":{},\"force\":false,\"result_format\":\"json\",\"result_type\":\"full\"},\"result_format\":\"json\",\"result_type\":\"full\"}",
                            "slice_name": "Number of patients do not have diagnosis by gender",
                            "viz_type": "pie"
                        }
                    }
                ],
                "slug": null
            }
        }
    ],
    "datasources": [
        {
            "__SqlaTable__": {
                "cache_timeout": null,
                "columns": [
                    {
                        "__TableColumn__": {
                            "advanced_data_type": null,
                            "changed_by_fk": 1,
                            "changed_on": {
                                "__datetime__": "2024-10-27T02:29:28"
                            },
                            "column_name": "study_id",
                            "created_by_fk": 1,
                            "created_on": {
                                "__datetime__": "2024-10-27T02:29:28"
                            },
                            "description": null,
                            "expression": null,
                            "extra": null,
                            "filterable": true,
                            "groupby": true,
                            "id": 16,
                            "is_active": true,
                            "is_dttm": false,
                            "python_date_format": null,
                            "table_id": 5,
                            "type": "BIGINT",
                            "uuid": "e44c21ba-71f5-4d0a-9925-1950159dd805",
                            "verbose_name": null
                        }
                    },
                    {
                        "__TableColumn__": {
                            "advanced_data_type": null,
                            "changed_by_fk": 1,
                            "changed_on": {
                                "__datetime__": "2024-10-27T02:29:28"
                            },
                            "column_name": "file_name",
                            "created_by_fk": 1,
                            "created_on": {
                                "__datetime__": "2024-10-27T02:29:28"
                            },
                            "description": null,
                            "expression": null,
                            "extra": null,
                            "filterable": true,
                            "groupby": true,
                            "id": 17,
                            "is_active": true,
                            "is_dttm": false,
                            "python_date_format": null,
                            "table_id": 5,
                            "type": "TEXT",
                            "uuid": "9bfaf605-ac95-4006-be62-882670d6c668",
                            "verbose_name": null
                        }
                    },
                    {
                        "__TableColumn__": {
                            "advanced_data_type": null,
                            "changed_by_fk": 1,
                            "changed_on": {
                                "__datetime__": "2024-10-27T02:29:28"
                            },
                            "column_name": "ecg_time",
                            "created_by_fk": 1,
                            "created_on": {
                                "__datetime__": "2024-10-27T02:29:28"
                            },
                            "description": null,
                            "expression": null,
                            "extra": null,
                            "filterable": true,
                            "groupby": true,
                            "id": 18,
                            "is_active": true,
                            "is_dttm": true,
                            "python_date_format": null,
                            "table_id": 5,
                            "type": "TIMESTAMP WITHOUT TIME ZONE",
                            "uuid": "cdc327a1-af87-4248-8377-1c1900b98a81",
                            "verbose_name": null
                        }
                    },
                    {
                        "__TableColumn__": {
                            "advanced_data_type": null,
                            "changed_by_fk": 1,
                            "changed_on": {
                                "__datetime__": "2024-10-27T02:29:28"
                            },
                            "column_name": "age",
                            "created_by_fk": 1,
                            "created_on": {
                                "__datetime__": "2024-10-27T02:29:28"
                            },
                            "description": null,
                            "expression": null,
                            "extra": null,
                            "filterable": true,
                            "groupby": true,
                            "id": 19,
                            "is_active": true,
                            "is_dttm": false,
                            "python_date_format": null,
                            "table_id": 5,
                            "type": "INTEGER",
                            "uuid": "f24babd5-ecd9-44df-aca3-66faf4d1e209",
                            "verbose_name": null
                        }
                    },
                    {
                        "__TableColumn__": {
                            "advanced_data_type": null,
                            "changed_by_fk": 1,
                            "changed_on": {
                                "__datetime__": "2024-10-27T02:29:28"
                            },
                            "column_name": "anchor_age",
                            "created_by_fk": 1,
                            "created_on": {
                                "__datetime__": "2024-10-27T02:29:28"
                            },
                            "description": null,
                            "expression": null,
                            "extra": null,
                            "filterable": true,
                            "groupby": true,
                            "id": 20,
                            "is_active": true,
                            "is_dttm": false,
                            "python_date_format": null,
                            "table_id": 5,
                            "type": "INTEGER",
                            "uuid": "9e7fc141-4d66-4ea9-aedb-9f682a345a67",
                            "verbose_name": null
                        }
                    },
                    {
                        "__TableColumn__": {
                            "advanced_data_type": null,
                            "changed_by_fk": 1,
                            "changed_on": {
                                "__datetime__": "2024-10-27T02:29:28"
                            },
                            "column_name": "num_all_diag",
                            "created_by_fk": 1,
                            "created_on": {
                                "__datetime__": "2024-10-27T02:29:28"
                            },
                            "description": null,
                            "expression": null,
                            "extra": null,
                            "filterable": true,
                            "groupby": true,
                            "id": 21,
                            "is_active": true,
                            "is_dttm": false,
                            "python_date_format": null,
                            "table_id": 5,
                            "type": "INTEGER",
                            "uuid": "faefffb2-56a6-4c2c-8865-84c5ad4aed95",
                            "verbose_name": null
                        }
                    },
                    {
                        "__TableColumn__": {
                            "advanced_data_type": null,
                            "changed_by_fk": 1,
                            "changed_on": {
                                "__datetime__": "2024-10-27T02:29:28"
                            },
                            "column_name": "ecg_no_within_stay",
                            "created_by_fk": 1,
                            "created_on": {
                                "__datetime__": "2024-10-27T02:29:28"
                            },
                            "description": null,
                            "expression": null,
                            "extra": null,
                            "filterable": true,
                            "groupby": true,
                            "id": 22,
                            "is_active": true,
                            "is_dttm": false,
                            "python_date_format": null,
                            "table_id": 5,
                            "type": "INTEGER",
                            "uuid": "27271ff4-50dc-4a53-b344-46537ef41551",
                            "verbose_name": null
                        }
                    },
                    {
                        "__TableColumn__": {
                            "advanced_data_type": null,
                            "changed_by_fk": 1,
                            "changed_on": {
                                "__datetime__": "2024-10-27T02:29:28"
                            },
                            "column_name": "subject_id",
                            "created_by_fk": 1,
                            "created_on": {
                                "__datetime__": "2024-10-27T02:29:28"
                            },
                            "description": null,
                            "expression": null,
                            "extra": null,
                            "filterable": true,
                            "groupby": true,
                            "id": 23,
                            "is_active": true,
                            "is_dttm": false,
                            "python_date_format": null,
                            "table_id": 5,
                            "type": "BIGINT",
                            "uuid": "98465ca5-3dd1-4e44-a6a1-c6148cba4df8",
                            "verbose_name": null
                        }
                    },
                    {
                        "__TableColumn__": {
                            "advanced_data_type": null,
                            "changed_by_fk": 1,
                            "changed_on": {
                                "__datetime__": "2024-10-27T02:29:28"
                            },
                            "column_name": "hosp_hadm_id",
                            "created_by_fk": 1,
                            "created_on": {
                                "__datetime__": "2024-10-27T02:29:28"
                            },
                            "description": null,
                            "expression": null,
                            "extra": null,
                            "filterable": true,
                            "groupby": true,
                            "id": 24,
                            "is_active": true,
                            "is_dttm": false,
                            "python_date_format": null,
                            "table_id": 5,
                            "type": "BIGINT",
                            "uuid": "1c74e0c9-763f-4f16-8570-36dd2b036500",
                            "verbose_name": null
                        }
                    },
                    {
                        "__TableColumn__": {
                            "advanced_data_type": null,
                            "changed_by_fk": 1,
                            "changed_on": {
                                "__datetime__": "2024-10-27T02:29:28"
                            },
                            "column_name": "ed_hadm_id",
                            "created_by_fk": 1,
                            "created_on": {
                                "__datetime__": "2024-10-27T02:29:28"
                            },
                            "description": null,
                            "expression": null,
                            "extra": null,
                            "filterable": true,
                            "groupby": true,
                            "id": 25,
                            "is_active": true,
                            "is_dttm": false,
                            "python_date_format": null,
                            "table_id": 5,
                            "type": "BIGINT",
                            "uuid": "2a7c074f-51f3-4517-bf84-12e0050e7360",
                            "verbose_name": null
                        }
                    },
                    {
                        "__TableColumn__": {
                            "advanced_data_type": null,
                            "changed_by_fk": 1,
                            "changed_on": {
                                "__datetime__": "2024-10-27T02:29:28"
                            },
                            "column_name": "ed_stay_id",
                            "created_by_fk": 1,
                            "created_on": {
                                "__datetime__": "2024-10-27T02:29:28"
                            },
                            "description": null,
                            "expression": null,
                            "extra": null,
                            "filterable": true,
                            "groupby": true,
                            "id": 26,
                            "is_active": true,
                            "is_dttm": false,
                            "python_date_format": null,
                            "table_id": 5,
                            "type": "BIGINT",
                            "uuid": "06c620cb-4737-45e4-b5eb-715d32a72925",
                            "verbose_name": null
                        }
                    }
                ],
                "database_id": 2,
                "default_endpoint": null,
                "description": null,
                "extra": null,
                "fetch_values_predicate": null,
                "filter_select_enabled": false,
                "main_dttm_col": "ecg_time",
                "metrics": [
                    {
                        "__SqlMetric__": {
                            "changed_by_fk": 1,
                            "changed_on": {
                                "__datetime__": "2024-10-27T02:29:28"
                            },
                            "created_by_fk": 1,
                            "created_on": {
                                "__datetime__": "2024-10-27T02:29:28"
                            },
                            "d3format": null,
                            "description": null,
                            "expression": "COUNT(*)",
                            "extra": null,
                            "id": 5,
                            "metric_name": "count",
                            "metric_type": "count",
                            "table_id": 5,
                            "uuid": "8db6e0a4-d575-4b14-b409-68fb497eac34",
                            "verbose_name": "COUNT(*)",
                            "warning_text": null
                        }
                    }
                ],
                "offset": 0,
                "params": "{\"remote_id\": 5, \"database_name\": \"DW\"}",
                "schema": "dev_warehouse",
                "sql": null,
                "table_name": "fact_ecg",
                "template_params": null
            }
        },
        {
            "__SqlaTable__": {
                "cache_timeout": null,
                "columns": [
                    {
                        "__TableColumn__": {
                            "advanced_data_type": null,
                            "changed_by_fk": 1,
                            "changed_on": {
                                "__datetime__": "2024-10-27T02:32:24"
                            },
                            "column_name": "gender",
                            "created_by_fk": 1,
                            "created_on": {
                                "__datetime__": "2024-10-27T02:32:24"
                            },
                            "description": null,
                            "expression": null,
                            "extra": null,
                            "filterable": true,
                            "groupby": true,
                            "id": 27,
                            "is_active": true,
                            "is_dttm": false,
                            "python_date_format": null,
                            "table_id": 6,
                            "type": "STRING",
                            "uuid": "127026a1-1606-43d7-8601-1ad42d8ba5f9",
                            "verbose_name": null
                        }
                    },
                    {
                        "__TableColumn__": {
                            "advanced_data_type": null,
                            "changed_by_fk": 1,
                            "changed_on": {
                                "__datetime__": "2024-10-27T02:32:24"
                            },
                            "column_name": "count",
                            "created_by_fk": 1,
                            "created_on": {
                                "__datetime__": "2024-10-27T02:32:24"
                            },
                            "description": null,
                            "expression": null,
                            "extra": null,
                            "filterable": true,
                            "groupby": true,
                            "id": 28,
                            "is_active": true,
                            "is_dttm": false,
                            "python_date_format": null,
                            "table_id": 6,
                            "type": "LONGINTEGER",
                            "uuid": "23c92b75-3ed3-4e68-abe1-826738c1348a",
                            "verbose_name": null
                        }
                    }
                ],
                "database_id": 2,
                "default_endpoint": null,
                "description": null,
                "extra": null,
                "fetch_values_predicate": null,
                "filter_select_enabled": false,
                "main_dttm_col": null,
                "metrics": [
                    {
                        "__SqlMetric__": {
                            "changed_by_fk": 1,
                            "changed_on": {
                                "__datetime__": "2024-10-27T02:32:24"
                            },
                            "created_by_fk": 1,
                            "created_on": {
                                "__datetime__": "2024-10-27T02:32:24"
                            },
                            "d3format": null,
                            "description": null,
                            "expression": "count(*)",
                            "extra": null,
                            "id": 6,
                            "metric_name": "count",
                            "metric_type": null,
                            "table_id": 6,
                            "uuid": "6f4db6e9-1dd6-4b2d-92ef-eaf25aed8b73",
                            "verbose_name": null,
                            "warning_text": null
                        }
                    }
                ],
                "offset": 0,
                "params": "{\"remote_id\": 6, \"database_name\": \"DW\"}",
                "schema": null,
                "sql": "select p.gender, count(distinct f.subject_id)\nfrom dev_warehouse.fact_ecg f, dev_warehouse.dim_patients p\nwhere f.subject_id = p.subject_id and f.num_all_diag = 0\ngroup by p.gender",
                "table_name": "no_diagnosis_gender",
                "template_params": null
            }
        },
        {
            "__SqlaTable__": {
                "cache_timeout": null,
                "columns": [
                    {
                        "__TableColumn__": {
                            "advanced_data_type": null,
                            "changed_by_fk": 1,
                            "changed_on": {
                                "__datetime__": "2024-10-27T02:13:11"
                            },
                            "column_name": "subject_id",
                            "created_by_fk": 1,
                            "created_on": {
                                "__datetime__": "2024-10-27T02:13:11"
                            },
                            "description": null,
                            "expression": null,
                            "extra": null,
                            "filterable": true,
                            "groupby": true,
                            "id": 1,
                            "is_active": true,
                            "is_dttm": false,
                            "python_date_format": null,
                            "table_id": 1,
                            "type": "LONGINTEGER",
                            "uuid": "e4d2ce71-eaf0-42f2-843d-7462f64c7145",
                            "verbose_name": null
                        }
                    },
                    {
                        "__TableColumn__": {
                            "advanced_data_type": null,
                            "changed_by_fk": 1,
                            "changed_on": {
                                "__datetime__": "2024-10-27T02:13:11"
                            },
                            "column_name": "gender",
                            "created_by_fk": 1,
                            "created_on": {
                                "__datetime__": "2024-10-27T02:13:11"
                            },
                            "description": null,
                            "expression": null,
                            "extra": null,
                            "filterable": true,
                            "groupby": true,
                            "id": 2,
                            "is_active": true,
                            "is_dttm": false,
                            "python_date_format": null,
                            "table_id": 1,
                            "type": "STRING",
                            "uuid": "ad6dff7a-f748-4d94-80ff-9e08f693d905",
                            "verbose_name": null
                        }
                    },
                    {
                        "__TableColumn__": {
                            "advanced_data_type": null,
                            "changed_by_fk": 1,
                            "changed_on": {
                                "__datetime__": "2024-10-27T02:13:11"
                            },
                            "column_name": "diagnosis_category",
                            "created_by_fk": 1,
                            "created_on": {
                                "__datetime__": "2024-10-27T02:13:11"
                            },
                            "description": null,
                            "expression": null,
                            "extra": null,
                            "filterable": true,
                            "groupby": true,
                            "id": 3,
                            "is_active": true,
                            "is_dttm": false,
                            "python_date_format": null,
                            "table_id": 1,
                            "type": "STRING",
                            "uuid": "b800f716-8831-4d85-ac00-626721d22191",
                            "verbose_name": null
                        }
                    }
                ],
                "database_id": 2,
                "default_endpoint": null,
                "description": null,
                "extra": null,
                "fetch_values_predicate": null,
                "filter_select_enabled": false,
                "main_dttm_col": null,
                "metrics": [
                    {
                        "__SqlMetric__": {
                            "changed_by_fk": 1,
                            "changed_on": {
                                "__datetime__": "2024-10-27T02:13:11"
                            },
                            "created_by_fk": 1,
                            "created_on": {
                                "__datetime__": "2024-10-27T02:13:11"
                            },
                            "d3format": null,
                            "description": null,
                            "expression": "count(*)",
                            "extra": null,
                            "id": 1,
                            "metric_name": "count",
                            "metric_type": null,
                            "table_id": 1,
                            "uuid": "f68b6038-e10a-4601-a1a9-3255700d9542",
                            "verbose_name": null,
                            "warning_text": null
                        }
                    }
                ],
                "offset": 0,
                "params": "{\"remote_id\": 1, \"database_name\": \"DW\"}",
                "schema": null,
                "sql": "SELECT p.subject_id,\n       p.gender,\n       d.diagnosis_category\nFROM dev_warehouse.dim_patients p\nJOIN dev_warehouse.dim_hospital_admissions ha\n  ON p.subject_id = ha.subject_id\nJOIN dev_warehouse.dim_diagnosis d\n  ON ha.hospital_diagnosis_code = d.diagnosis_code",
                "table_name": "join_fact_hosp_adm",
                "template_params": null
            }
        },
        {
            "__SqlaTable__": {
                "cache_timeout": null,
                "columns": [
                    {
                        "__TableColumn__": {
                            "advanced_data_type": null,
                            "changed_by_fk": 1,
                            "changed_on": {
                                "__datetime__": "2024-10-27T02:26:24"
                            },
                            "column_name": "hosp_hadm_id",
                            "created_by_fk": 1,
                            "created_on": {
                                "__datetime__": "2024-10-27T02:26:24"
                            },
                            "description": null,
                            "expression": null,
                            "extra": null,
                            "filterable": true,
                            "groupby": true,
                            "id": 9,
                            "is_active": true,
                            "is_dttm": false,
                            "python_date_format": null,
                            "table_id": 4,
                            "type": "LONGINTEGER",
                            "uuid": "d9656f92-32e3-406c-8955-e28ff84c45f3",
                            "verbose_name": null
                        }
                    },
                    {
                        "__TableColumn__": {
                            "advanced_data_type": null,
                            "changed_by_fk": 1,
                            "changed_on": {
                                "__datetime__": "2024-10-27T02:26:24"
                            },
                            "column_name": "subject_id",
                            "created_by_fk": 1,
                            "created_on": {
                                "__datetime__": "2024-10-27T02:26:24"
                            },
                            "description": null,
                            "expression": null,
                            "extra": null,
                            "filterable": true,
                            "groupby": true,
                            "id": 10,
                            "is_active": true,
                            "is_dttm": false,
                            "python_date_format": null,
                            "table_id": 4,
                            "type": "LONGINTEGER",
                            "uuid": "9ab2b35b-5102-491b-8550-c8588dcb9e1c",
                            "verbose_name": null
                        }
                    },
                    {
                        "__TableColumn__": {
                            "advanced_data_type": null,
                            "changed_by_fk": 1,
                            "changed_on": {
                                "__datetime__": "2024-10-27T02:26:24"
                            },
                            "column_name": "diagnosis_category",
                            "created_by_fk": 1,
                            "created_on": {
                                "__datetime__": "2024-10-27T02:26:24"
                            },
                            "description": null,
                            "expression": null,
                            "extra": null,
                            "filterable": true,
                            "groupby": true,
                            "id": 11,
                            "is_active": true,
                            "is_dttm": false,
                            "python_date_format": null,
                            "table_id": 4,
                            "type": "STRING",
                            "uuid": "685206dd-6a89-4eaf-b566-2b8de0c5452b",
                            "verbose_name": null
                        }
                    },
                    {
                        "__TableColumn__": {
                            "advanced_data_type": null,
                            "changed_by_fk": 1,
                            "changed_on": {
                                "__datetime__": "2024-10-27T02:26:24"
                            },
                            "column_name": "age",
                            "created_by_fk": 1,
                            "created_on": {
                                "__datetime__": "2024-10-27T02:26:24"
                            },
                            "description": null,
                            "expression": null,
                            "extra": null,
                            "filterable": true,
                            "groupby": true,
                            "id": 12,
                            "is_active": true,
                            "is_dttm": false,
                            "python_date_format": null,
                            "table_id": 4,
                            "type": "INTEGER",
                            "uuid": "fd51e0b0-87cb-4d26-a799-4763f7c30b15",
                            "verbose_name": null
                        }
                    },
                    {
                        "__TableColumn__": {
                            "advanced_data_type": null,
                            "changed_by_fk": 1,
                            "changed_on": {
                                "__datetime__": "2024-10-27T02:26:24"
                            },
                            "column_name": "ecg_no_within_stay",
                            "created_by_fk": 1,
                            "created_on": {
                                "__datetime__": "2024-10-27T02:26:24"
                            },
                            "description": null,
                            "expression": null,
                            "extra": null,
                            "filterable": true,
                            "groupby": true,
                            "id": 13,
                            "is_active": true,
                            "is_dttm": false,
                            "python_date_format": null,
                            "table_id": 4,
                            "type": "INTEGER",
                            "uuid": "81914896-b04c-4581-947d-9bc6c95121d2",
                            "verbose_name": null
                        }
                    },
                    {
                        "__TableColumn__": {
                            "advanced_data_type": null,
                            "changed_by_fk": 1,
                            "changed_on": {
                                "__datetime__": "2024-10-27T02:26:24"
                            },
                            "column_name": "num_all_diag",
                            "created_by_fk": 1,
                            "created_on": {
                                "__datetime__": "2024-10-27T02:26:24"
                            },
                            "description": null,
                            "expression": null,
                            "extra": null,
                            "filterable": true,
                            "groupby": true,
                            "id": 14,
                            "is_active": true,
                            "is_dttm": false,
                            "python_date_format": null,
                            "table_id": 4,
                            "type": "INTEGER",
                            "uuid": "05577b64-b1dd-45f9-b87f-001a5c398128",
                            "verbose_name": null
                        }
                    },
                    {
                        "__TableColumn__": {
                            "advanced_data_type": null,
                            "changed_by_fk": 1,
                            "changed_on": {
                                "__datetime__": "2024-10-27T02:26:24"
                            },
                            "column_name": "age_group",
                            "created_by_fk": 1,
                            "created_on": {
                                "__datetime__": "2024-10-27T02:26:24"
                            },
                            "description": null,
                            "expression": null,
                            "extra": null,
                            "filterable": true,
                            "groupby": true,
                            "id": 15,
                            "is_active": true,
                            "is_dttm": false,
                            "python_date_format": null,
                            "table_id": 4,
                            "type": "STRING",
                            "uuid": "0659f69c-36df-4ec7-a803-b24c04301c76",
                            "verbose_name": null
                        }
                    }
                ],
                "database_id": 2,
                "default_endpoint": null,
                "description": null,
                "extra": null,
                "fetch_values_predicate": null,
                "filter_select_enabled": false,
                "main_dttm_col": null,
                "metrics": [
                    {
                        "__SqlMetric__": {
                            "changed_by_fk": 1,
                            "changed_on": {
                                "__datetime__": "2024-10-27T02:26:24"
                            },
                            "created_by_fk": 1,
                            "created_on": {
                                "__datetime__": "2024-10-27T02:26:24"
                            },
                            "d3format": null,
                            "description": null,
                            "expression": "count(*)",
                            "extra": null,
                            "id": 4,
                            "metric_name": "count",
                            "metric_type": null,
                            "table_id": 4,
                            "uuid": "f49ed84e-a61e-4752-b39b-38654583a7cf",
                            "verbose_name": null,
                            "warning_text": null
                        }
                    }
                ],
                "offset": 0,
                "params": "{\"remote_id\": 4, \"database_name\": \"DW\"}",
                "schema": null,
                "sql": "SELECT \n    ha.hosp_hadm_id,\n    ha.subject_id,\n    d.diagnosis_category,\n    fe.age,\n    fe.ecg_no_within_stay,\n    fe.num_all_diag,\n    CASE\n        WHEN fe.age BETWEEN 0 AND 20 THEN '0-20'\n        WHEN fe.age BETWEEN 21 AND 40 THEN '21-40'\n        WHEN fe.age BETWEEN 41 AND 60 THEN '41-60'\n        WHEN fe.age BETWEEN 61 AND 80 THEN '61-80'\n        ELSE '>80'\n    END AS age_group\nFROM \n    dev_warehouse.dim_hospital_admissions ha\nJOIN \n    dev_warehouse.fact_ecg fe\n    ON ha.hosp_hadm_id = fe.hosp_hadm_id\nJOIN \n    dev_warehouse.dim_diagnosis d\n    ON ha.hospital_diagnosis_code = d.diagnosis_code",
                "table_name": "diag_age_group",
                "template_params": null
            }
        },
        {
            "__SqlaTable__": {
                "cache_timeout": null,
                "columns": [
                    {
                        "__TableColumn__": {
                            "advanced_data_type": null,
                            "changed_by_fk": 1,
                            "changed_on": {
                                "__datetime__": "2024-10-27T02:17:19"
                            },
                            "column_name": "diagnosis_category",
                            "created_by_fk": 1,
                            "created_on": {
                                "__datetime__": "2024-10-27T02:16:19"
                            },
                            "description": null,
                            "expression": null,
                            "extra": "{\"warning_markdown\":null}",
                            "filterable": true,
                            "groupby": true,
                            "id": 4,
                            "is_active": null,
                            "is_dttm": false,
                            "python_date_format": null,
                            "table_id": 2,
                            "type": "STRING",
                            "uuid": "26768a86-6648-428f-ac52-6e1e7ece069a",
                            "verbose_name": "Diagnosis Category"
                        }
                    },
                    {
                        "__TableColumn__": {
                            "advanced_data_type": null,
                            "changed_by_fk": 1,
                            "changed_on": {
                                "__datetime__": "2024-10-27T02:17:19"
                            },
                            "column_name": "count_category",
                            "created_by_fk": 1,
                            "created_on": {
                                "__datetime__": "2024-10-27T02:16:19"
                            },
                            "description": null,
                            "expression": null,
                            "extra": "{\"warning_markdown\":null}",
                            "filterable": true,
                            "groupby": true,
                            "id": 5,
                            "is_active": null,
                            "is_dttm": false,
                            "python_date_format": null,
                            "table_id": 2,
                            "type": "LONGINTEGER",
                            "uuid": "ddf57d94-2b1c-47a7-b76b-0529b97dee34",
                            "verbose_name": "Total Count"
                        }
                    }
                ],
                "database_id": 2,
                "default_endpoint": null,
                "description": null,
                "extra": null,
                "fetch_values_predicate": null,
                "filter_select_enabled": false,
                "main_dttm_col": null,
                "metrics": [
                    {
                        "__SqlMetric__": {
                            "changed_by_fk": 1,
                            "changed_on": {
                                "__datetime__": "2024-10-27T02:17:19"
                            },
                            "created_by_fk": 1,
                            "created_on": {
                                "__datetime__": "2024-10-27T02:16:19"
                            },
                            "d3format": null,
                            "description": null,
                            "expression": "count(*)",
                            "extra": "{\"warning_markdown\":\"\"}",
                            "id": 2,
                            "metric_name": "count",
                            "metric_type": null,
                            "table_id": 2,
                            "uuid": "56303df5-bf67-437f-a2d1-86f670cd95e1",
                            "verbose_name": null,
                            "warning_text": null
                        }
                    }
                ],
                "offset": 0,
                "params": "{\"remote_id\": 2, \"database_name\": \"DW\"}",
                "schema": null,
                "sql": "SELECT d.diagnosis_category, count(DISTINCT study_id) as count_category\nfrom dev_warehouse.fact_ecg f, dev_warehouse.dim_ed_visits ev, dev_warehouse.dim_diagnosis d\nwhere f.ed_stay_id = ev.ed_stay_id and f.ecg_no_within_stay = ev.ecg_no_within_stay\nand d.diagnosis_code = ev.ed_diagnosis_code and f.ed_hadm_id IS NULL\ngroup by d.diagnosis_category",
                "table_name": "ed_not_trans_hosp",
                "template_params": null
            }
        },
        {
            "__SqlaTable__": {
                "cache_timeout": null,
                "columns": [
                    {
                        "__TableColumn__": {
                            "advanced_data_type": null,
                            "changed_by_fk": 1,
                            "changed_on": {
                                "__datetime__": "2024-10-27T02:19:24"
                            },
                            "column_name": "age",
                            "created_by_fk": 1,
                            "created_on": {
                                "__datetime__": "2024-10-27T02:19:24"
                            },
                            "description": null,
                            "expression": null,
                            "extra": null,
                            "filterable": true,
                            "groupby": true,
                            "id": 6,
                            "is_active": true,
                            "is_dttm": false,
                            "python_date_format": null,
                            "table_id": 3,
                            "type": "INTEGER",
                            "uuid": "49d9f09a-e7bc-4a31-a848-a2285c8f0067",
                            "verbose_name": null
                        }
                    },
                    {
                        "__TableColumn__": {
                            "advanced_data_type": null,
                            "changed_by_fk": 1,
                            "changed_on": {
                                "__datetime__": "2024-10-27T02:19:24"
                            },
                            "column_name": "diagnosis_category",
                            "created_by_fk": 1,
                            "created_on": {
                                "__datetime__": "2024-10-27T02:19:24"
                            },
                            "description": null,
                            "expression": null,
                            "extra": null,
                            "filterable": true,
                            "groupby": true,
                            "id": 7,
                            "is_active": true,
                            "is_dttm": false,
                            "python_date_format": null,
                            "table_id": 3,
                            "type": "STRING",
                            "uuid": "59489249-9117-4785-bb8f-2247d5ddb66a",
                            "verbose_name": null
                        }
                    },
                    {
                        "__TableColumn__": {
                            "advanced_data_type": null,
                            "changed_by_fk": 1,
                            "changed_on": {
                                "__datetime__": "2024-10-27T02:19:24"
                            },
                            "column_name": "count_category",
                            "created_by_fk": 1,
                            "created_on": {
                                "__datetime__": "2024-10-27T02:19:24"
                            },
                            "description": null,
                            "expression": null,
                            "extra": null,
                            "filterable": true,
                            "groupby": true,
                            "id": 8,
                            "is_active": true,
                            "is_dttm": false,
                            "python_date_format": null,
                            "table_id": 3,
                            "type": "LONGINTEGER",
                            "uuid": "614565ce-27bb-4180-aa49-94a5be0a01d3",
                            "verbose_name": null
                        }
                    }
                ],
                "database_id": 2,
                "default_endpoint": null,
                "description": null,
                "extra": null,
                "fetch_values_predicate": null,
                "filter_select_enabled": false,
                "main_dttm_col": null,
                "metrics": [
                    {
                        "__SqlMetric__": {
                            "changed_by_fk": 1,
                            "changed_on": {
                                "__datetime__": "2024-10-27T02:19:24"
                            },
                            "created_by_fk": 1,
                            "created_on": {
                                "__datetime__": "2024-10-27T02:19:24"
                            },
                            "d3format": null,
                            "description": null,
                            "expression": "count(*)",
                            "extra": null,
                            "id": 3,
                            "metric_name": "count",
                            "metric_type": null,
                            "table_id": 3,
                            "uuid": "bac9d0c0-c53d-45c7-91b8-1bec4d426283",
                            "verbose_name": null,
                            "warning_text": null
                        }
                    }
                ],
                "offset": 0,
                "params": "{\"remote_id\": 3, \"database_name\": \"DW\"}",
                "schema": null,
                "sql": "select f.age, d.diagnosis_category, count(d.diagnosis_category) as count_category\nfrom dev_warehouse.fact_ecg f, dev_warehouse.dim_hospital_admissions h, dev_warehouse.dim_diagnosis d\nwhere f.hosp_hadm_id = h.hosp_hadm_id and f.ecg_no_within_stay = h.ecg_no_within_stay and h.hospital_diagnosis_code = d.diagnosis_code\ngroup by f.age, d.diagnosis_category",
                "table_name": "hospital_ecg_by_age",
                "template_params": null
            }
        }
    ]
}